1,SingleControlProcessTable,Weight,重量
2,SingleControlProcessTable,LiquidLevel,液面レベル
3,SingleControlProcessTable,SourceTankName,送液元タンク名
4,SingleControlProcessTable,PumpDelayTime,ポンプディレイタイム
5,SingleControlProcessTable,ValveDelayTime,バルブディレイタイム
6,SingleControlProcessTable,PressureSelection,圧力選択
7,SingleControlProcessTable,PressureTargetValue,圧力目標値
8,SingleControlProcessTable,TargetUpperLimitPressure,目標域上限圧力
9,SingleControlProcessTable,TargetLowerLimitPressure,目標域下限圧力
10,SingleControlProcessTable,CorrectionUpperLimitPressure,補正上限圧力
11,SingleControlProcessTable,CorrectionLowerLimitPressure,補正下限圧力
12,SingleControlProcessTable,CirculationFlowPathSelectionFlag,循環流路選択フラグ
13,SingleControlProcessTable,CirculationPumpStartupSpeed,循環ポンプ立上速度
14,SingleControlProcessTable,CirculationPumpFrequency,循環ポンプ周波数
15,SingleControlProcessTable,CirculationPumpOperationTime,循環ポンプ運転時間
16,SingleControlProcessTable,CirculationPumpStopWeight,循環ポンプ停止重量
17,SingleControlProcessTable,CirculationPumpFrequencySetting_L,循環ポンプ周波数設定値L
18,SingleControlProcessTable,CirculationPumpTargetFrequency,循環ポンプ目標周波数
19,SingleControlProcessTable,CirculationPumpStartupTime,循環ポンプ立上時間
20,SingleControlProcessTable,CirculationPumpStartupSpeed1,循環ポンプ立上速度1
21,SingleControlProcessTable,CirculationPumpStartupSpeed2,循環ポンプ立上速度2
22,SingleControlProcessTable,AgitatorFrequency,撹拌機周波数
23,SingleControlProcessTable,MixerOperationTime,撹拌機運転時間
24,SingleControlProcessTable,MixerStopWeight,撹拌機停止重量
25,SingleControlProcessTable,SourceTankPumpStartupSpeed,送液元タンクポンプ立上速度
26,SingleControlProcessTable,SourceTankPump1tageFrequency,送液元タンクポンプ1段周波数
27,SingleControlProcessTable,SourceTankPump2stageFrequency,送液元タンクポンプ2段周波数
28,SingleControlProcessTable,SourceTankPump2stageFrequencySwitchingWeight,送液元タンクポンプ2段周波数切替重量
29,SingleControlProcessTable,SurfacePumpStartupSpeed,液上ポンプ立上速度
30,SingleControlProcessTable,SurfacePumpFrequency,液上ポンプ周波数
31,SingleControlProcessTable,SurfacePumpCurrentMonitor_H,液上ポンプ電流監視H
32,SingleControlProcessTable,SurfacePumpCurrentMonitor_L,液上ポンプ電流監視L
33,SingleControlProcessTable,CorrectionSpeed,補正速度
34,SingleControlProcessTable,Timer,タイマー
35,SingleControlProcessTable,AmountOfStock,仕込量
36,SingleControlProcessTable,AmountOfExtrction,抜出量
37,SingleControlProcessTable,WasteVolume,廃棄量
38,SingleControlProcessTable,ValveHalfopenWeight,バルブ半開重量
39,SingleControlProcessTable,DroopAmountSettingValue,垂れ量設定値
40,SingleControlProcessTable,TotalDischargePumpStopDelayTime,全量抜出ポンプ停止ディレイタイム
41,SingleControlProcessTable,ControlCompletionDelayTime,制御完了ディレイタイム
42,SingleControlProcessTable,UpperLimitAlarmPressure_H,上限アラーム圧力H
43,SingleControlProcessTable,LowerLimitAlarmPressure_L,下限アラーム圧力L
44,SingleControlProcessTable,UpperLimitAlarmPressure_HH,上限アラーム圧力HH
45,SingleControlProcessTable,LowerLimitAlarmPressure_LL,下限アラーム圧力LL
46,SingleControlProcessTable,WeightMonitoring,重量監視
47,SingleControlProcessTable,ManholeLockTimer,マンホールロックタイマー
48,SingleControlProcessTable,ManholeAlarmTimer,マンホールアラームタイマー
49,SingleControlProcessTable,ManholeOpeningTime,マンホール開時刻
50,SingleControlProcessTable,ManholeClosingTime,マンホール閉時刻
51,SingleControlProcessTable,ManholeOpenedHours,マンホール開放時間
52,SingleControlProcessTable,NumberOfManholesOpenedAndClosed,マンホール開閉回数
53,SingleControlProcessTable,N2PressTimer1,N2押しタイマー１
54,SingleControlProcessTable,N2PressTimer2,N2押しタイマー２
55,SingleControlProcessTable,N2PressTimer3,N2押しタイマー３
56,SingleControlProcessTable,WasteLiquidTypeFlag,廃液種別フラグ
57,SingleControlProcessTable,NumberOfWashes,洗浄回数
58,SingleControlProcessTable,CirculationLineCleaningTime,循環ライン洗浄時間
59,SingleControlProcessTable,BypassLineCirculationTime,バイパスライン循環時間
60,SingleControlProcessTable,ShowerBallCleaningTime,シャワーボール洗浄時間
61,SingleControlProcessTable,CirculatingLineFrequencySettingValue,循環ライン周波数設定値
62,SingleControlProcessTable,BypassLineFrequencySettingValue,バイパスライン周波数設定値
63,SingleControlProcessTable,ShowerBallFrequencySettingValue,シャワーボール周波数設定値
64,SingleControlProcessTable,SamplingFlag,サンプリングフラグ
65,SingleControlProcessTable,SourcePressureUpperLimitSettingValue,送液元 圧力上限設定値
66,SingleControlProcessTable,FillingMachineCirculationPumpOperationTime,充填機往き循環ポンプ運転時間
67,SingleControlProcessTable,BypassCirculationPumpOperationTime,バイパス循環ポンプ運転時間
68,SingleControlProcessTable,FlowAccumulationCountSettingValue,流量積算カウント設定値
69,SingleControlProcessTable,MinimumContinuousFlowAccumulationCountSettingValue,最低連続流量積算カウント設定値
70,SingleControlProcessTable,TransferPumpDesignationCode,移動ポンプ指定コード
71,SingleControlProcessTable,TransferPumpPowerSupplyDesignationCode,移動ポンプ電源指定コード
72,SingleControlProcessTable,MixerDesignationCode,撹拌機指定コード
73,SingleControlProcessTable,MixerPowerSupplyDesignationCode,撹拌機電源指定コード
74,SingleControlProcessTable,FlowTargetValue,流量目標値
75,SingleControlProcessTable,TargetUpperLimitFlow,目標域上限流量
76,SingleControlProcessTable,TargetLowerLimitFlow,目標域下限流量
77,SingleControlProcessTable,CorrectionUpperLimitFlow,補正上限流量
78,SingleControlProcessTable,CorrectionLowerLimitFlow,補正下限流量
79,SingleControlProcessTable,UpperLimitAlarmFlow_H,上限アラーム流量HH
80,SingleControlProcessTable,LowerLimitAlarmFlow_L,下限アラーム流量LL
81,SingleControlProcessTable,UpperLimitAlarmFlow_HH,上限アラーム流量H
82,SingleControlProcessTable,LowerLimitAlarmFlow_LL,下限アラーム流量L
83,SingleControlProcessTable,PumpDelayTime1,ポンプディレイタイム(PM仕込)
84,SingleControlProcessTable,ValveDelayTime1,バルブディレイタイム(PM仕込)
85,SingleControlProcessTable,PreparationOrder1,仕込順(PM仕込)
86,SingleControlProcessTable,SourceTankPumpStartupSpeed1,送液元タンクポンプ立上速度(PM仕込)
87,SingleControlProcessTable,SourceTankPump1tageFrequency1,送液元タンクポンプ1段周波数(PM仕込)
88,SingleControlProcessTable,SourceTankPump2stageFrequency1,送液元タンクポンプ2段周波数(PM仕込)
89,SingleControlProcessTable,SourceTankPump2stageFrequencySwitchingWeight1,送液元タンクポンプ2段周波数切替重量(PM仕込)
90,SingleControlProcessTable,AmountOfStock1,仕込量(PM仕込)
91,SingleControlProcessTable,DroopAmountSettingValue1,垂れ量設定値(PM仕込)
92,SingleControlProcessTable,PumpDelayTime2,ポンプディレイタイム(EL仕込)
93,SingleControlProcessTable,ValveDelayTime2,バルブディレイタイム(EL仕込)
94,SingleControlProcessTable,PreparationOrder2,仕込順(EL仕込)
95,SingleControlProcessTable,SourceTankPumpStartupSpeed2,送液元タンクポンプ立上速度(EL仕込)
96,SingleControlProcessTable,SourceTankPump1tageFrequency2,送液元タンクポンプ1段周波数(EL仕込)
97,SingleControlProcessTable,SourceTankPump2stageFrequency2,送液元タンクポンプ2段周波数(EL仕込)
98,SingleControlProcessTable,SourceTankPump2stageFrequencySwitchingWeight2,送液元タンクポンプ2段周波数切替重量(EL仕込)
99,SingleControlProcessTable,AmountOfStock2,仕込量(EL仕込)
100,SingleControlProcessTable,DroopAmountSettingValue2,垂れ量設定値(EL仕込)
101,SingleControlProcessTable,PumpDelayTime3,ポンプディレイタイム(AC仕込)
102,SingleControlProcessTable,ValveDelayTime3,バルブディレイタイム　(AC仕込)
103,SingleControlProcessTable,PreparationOrder3,仕込順(AC仕込)
104,SingleControlProcessTable,SourceTankPumpStartupSpeed3,送液元タンクポンプ立上速度(AC仕込)
105,SingleControlProcessTable,SourceTankPump1tageFrequency3,送液元タンクポンプ1段周波数(AC仕込)
106,SingleControlProcessTable,SourceTankPump2stageFrequency3,送液元タンクポンプ2段周波数(AC仕込)
107,SingleControlProcessTable,SourceTankPump2stageFrequencySwitchingWeight3,送液元タンクポンプ2段周波数切替重量(AC仕込)
108,SingleControlProcessTable,AmountOfStock3,仕込量(AC仕込)
109,SingleControlProcessTable,DroopAmountSettingValue3,垂れ量設定値(AC仕込)
110,SingleControlProcessTable,PumpDelayTime_Washing,ポンプディレイタイム(洗浄)
111,SingleControlProcessTable,ValveDelayTime_Washing,バルブディレイタイム(洗浄)
112,SingleControlProcessTable,WashingPumpStartupSpeed_Washing,洗浄ポンプ 立上速度(洗浄)
113,SingleControlProcessTable,WashingPumpFrequency_Washing,洗浄ポンプ周波数(洗浄)
114,SingleControlProcessTable,WashingPumpOperationTime_Washing1,PM洗浄ポンプ運転時間(洗浄)
115,SingleControlProcessTable,WashingPumpOperationTime_Washing2,EL洗浄ポンプ運転時間(洗浄)
116,SingleControlProcessTable,WashingPumpOperationTime_Washing3,AC洗浄ポンプ運転時間(洗浄)
117,SingleControlProcessTable,PumpDelayTime_Collect,ポンプディレイタイム(回収)
118,SingleControlProcessTable,ValveDelayTime_Collect,バルブディレイタイム(回収)
119,SingleControlProcessTable,CollectPumpStartupSpeed_Collect,回収ポンプ立上速度(回収)
120,SingleControlProcessTable,CollectPumpFrequency_Collect,回収ポンプ周波数(回収)
121,SingleControlProcessTable,CollectPumpOperationTime_Collect,回収ポンプ運転時間(回収)
122,SingleControlProcessTable,WashingPumpDesignationCode,洗浄ポンプ指定コード
123,SingleControlProcessTable,WashingPumpPowerSupplyDesignationCode,洗浄ポンプ電源指定コード
124,SingleControlProcessTable,WashingPumpStartupSpeed,洗浄ポンプ立上速度
125,SingleControlProcessTable,WashingPumpFrequency,洗浄ポンプ周波数
126,SingleControlProcessTable,NumberOfWashes1,PM洗浄回数
127,SingleControlProcessTable,NumberOfWashes2,EL洗浄回数
128,SingleControlProcessTable,NumberOfWashes3,AC洗浄回数
129,SingleControlProcessTable,N2FillingTimer,N2充填タイマー
130,SingleControlProcessTable,OxygenConcentrationSettingValue,酸素濃度設定値
131,SingleControlProcessTable,AirRemovalTime1,エア抜き時間1
132,SingleControlProcessTable,AirRemovalTime2,エア抜き時間2
133,SingleControlProcessTable,ShowerBallLineFlag,シャワーボールラインフラグ
134,SingleControlProcessTable,FlowAccumulationCountPresentValue,流量積算カウント現在値
135,SingleControlProcessTable,MinimumContinuousFlowAccumulationCountPresentValue,最低連続流量積算カウント現在値
136,SingleControlProcessTable,FillingMachineValveOpeningAndClosingPattern,充填機自動弁開閉パターン
137,SingleControlProcessTable,FillingMachineSelectFlag,充填機選択フラグ
